book1,kim1,1000
book2,kim2,1001
book3,kim3,1002
book4,kim4,1003
book5,kim5,1004
book6,kim6,1005
book7,kim7,1006
book8,kim8,1007
book9,kim9,1008
book10,kim10,1009
book11,kim11,1010
book12,kim12,1011
book13,kim13,1012
book14,kim14,1013
book15,kim15,1014
book16,kim16,1015
book17,kim17,1016
book18,kim18,1017
book19,kim19,1018
book20,kim20,1019
book21,kim21,1020
book22,kim22,1021
book23,kim23,1022
book24,kim24,1023
book25,kim25,1024
book26,kim26,1025
book27,kim27,1026
book28,kim28,1027
book29,kim29,1028
book30,kim30,1029
book31,kim31,1030
book32,kim32,1031
book33,kim33,1032
book34,kim34,1033
book35,kim35,1034
book36,kim36,1035
book37,kim37,1036
book38,kim38,1037
book39,kim39,1038
book40,kim40,1039
book41,kim41,1040
book42,kim42,1041
book43,kim43,1042
book44,kim44,1043
book45,kim45,1044
book46,kim46,1045
book47,kim47,1046
book48,kim48,1047
book49,kim49,1048
book50,kim50,1049
book51,kim51,1050
book52,kim52,1051
book53,kim53,1052
book54,kim54,1053
book55,kim55,1054
book56,kim56,1055
book57,kim57,1056
book58,kim58,1057
book59,kim59,1058
book60,kim60,1059
book61,kim61,1060
book62,kim62,1061
book63,kim63,1062
book64,kim64,1063
book65,kim65,1064
book66,kim66,1065
book67,kim67,1066
book68,kim68,1067
book69,kim69,1068
book70,kim70,1069
book71,kim71,1070
book72,kim72,1071
book73,kim73,1072
book74,kim74,1073
book75,kim75,1074
book76,kim76,1075
book77,kim77,1076
book78,kim78,1077
book79,kim79,1078
book80,kim80,1079
book81,kim81,1080
book82,kim82,1081
book83,kim83,1082
book84,kim84,1083
book85,kim85,1084
book86,kim86,1085
book87,kim87,1086
book88,kim88,1087
book89,kim89,1088
book90,kim90,1089
book91,kim91,1090
book92,kim92,1091
book93,kim93,1092
book94,kim94,1093
book95,kim95,1094
book96,kim96,1095
book97,kim97,1096
book98,kim98,1097
book99,kim99,1098
book100,kim100,1099